ID,Work_Experience,Family_Size,Age,Graduated,Profession,Gender,Spending_Score,Ever_Married,Var_1,Segmentation
462809,1,4,22,No,Healthcare,Male,Low,No,Cat_4,Micro
462643,,3,38,Yes,Engineer,Female,Average,Yes,Cat_4,SUV
466315,1,1,67,Yes,Engineer,Female,Low,Yes,Cat_6,Sedan
461735,0,2,67,Yes,Lawyer,Male,High,Yes,Cat_6,Sedan
462669,,6,40,Yes,Entertainment,Female,High,Yes,Cat_6,SUV
461319,0,2,56,No,Artist,Male,Average,Yes,Cat_6,Hatchback
460156,1,3,32,Yes,Healthcare,Male,Low,No,Cat_6,Hatchback
464347,1,3,33,Yes,Healthcare,Female,Low,No,Cat_6,Micro
465015,0,3,61,Yes,Engineer,Female,Low,Yes,Cat_7,Micro
465176,1,4,55,Yes,Artist,Female,Average,Yes,Cat_6,Hatchback
464041,1,3,26,Yes,Engineer,Female,Low,No,Cat_6,SUV
464942,4,4,19,No,Healthcare,Male,Low,No,Cat_4,Micro
461230,0,,19,No,Executive,Female,Low,No,Cat_3,Micro
459573,,1,70,No,Lawyer,Male,Low,Yes,Cat_6,SUV
460849,0,1,58,No,Doctor,Female,Low,Yes,Cat_3,Sedan
460563,1,2,41,No,Healthcare,Female,Low,No,Cat_1,Hatchback
466865,9,5,32,No,Homemaker,Female,Low,No,Cat_3,Micro
461644,1,6,31,No,Healthcare,Male,Low,No,Cat_6,Sedan
466772,1,4,58,Yes,Entertainment,Male,Average,Yes,Cat_6,Sedan
464291,0,1,79,Yes,Artist,Female,High,Yes,Cat_6,Hatchback
466084,12,1,49,Yes,Homemaker,Male,Low,Yes,Cat_3,SUV
459675,3,4,18,No,Healthcare,Female,Low,No,Cat_6,Micro
465602,13,2,33,Yes,Artist,Male,Low,Yes,Cat_3,SUV
459168,5,2,36,Yes,Artist,Female,Low,No,Cat_6,Sedan
461021,1,3,58,No,Executive,Female,Average,,Cat_3,Sedan
465083,1,3,56,No,Artist,Male,Average,Yes,Cat_6,Hatchback
467604,9,8,31,No,Healthcare,Male,Low,No,Cat_4,SUV
459717,1,3,49,Yes,Artist,Male,Average,Yes,Cat_6,Hatchback
465882,0,1,35,Yes,Artist,Male,Low,No,Cat_6,Sedan
461996,5,4,35,No,Artist,Female,Low,No,Cat_6,Hatchback
463331,0,3,45,Yes,Artist,Female,Low,Yes,Cat_6,Hatchback
462216,1,2,42,No,Doctor,Female,Low,Yes,Cat_4,SUV
462454,1,3,19,No,Healthcare,Male,Low,No,Cat_2,Micro
467010,9,,26,No,Homemaker,Male,Low,No,Cat_6,Micro
459861,1,2,83,No,Lawyer,Female,High,Yes,Cat_6,Micro
467917,3,4,27,Yes,Healthcare,Female,Low,No,Cat_1,Micro
465572,5,1,32,No,Doctor,Male,Low,No,Cat_4,Micro
460593,1,5,28,No,Healthcare,Female,Average,Yes,Cat_3,Micro
465891,8,2,28,Yes,Artist,Female,Low,Yes,Cat_6,SUV
467442,,2,56,Yes,Artist,Male,Average,Yes,Cat_6,Hatchback
462044,4,1,47,Yes,Artist,Female,Low,No,Cat_6,Sedan
465686,0,2,22,No,Healthcare,Female,Low,No,Cat_6,Micro
464590,14,3,27,Yes,Artist,Female,Low,No,Cat_6,SUV
466006,1,2,49,Yes,Artist,Female,Low,Yes,,Hatchback
466152,8,1,40,No,Engineer,Male,Low,Yes,Cat_6,SUV
463156,,2,79,No,Lawyer,Female,High,Yes,Cat_6,SUV
465729,0,4,41,Yes,Artist,Male,Average,Yes,Cat_4,Sedan
462384,,1,29,Yes,Healthcare,Female,Low,No,Cat_7,SUV
462442,0,4,19,No,Healthcare,Male,Low,No,Cat_6,Micro
464191,1,1,45,Yes,Engineer,Female,Low,No,Cat_6,SUV
462078,1,2,61,No,Artist,Female,Average,Yes,Cat_2,Sedan
467873,1,2,36,Yes,Artist,Female,Average,Yes,Cat_6,Hatchback
461270,1,1,40,Yes,Artist,Male,Low,Yes,Cat_3,SUV
462960,0,2,57,Yes,Entertainment,Female,Average,Yes,Cat_6,Hatchback
464961,1,1,76,No,Marketing,Male,Low,Yes,Cat_4,SUV
462110,14,2,32,Yes,Artist,Male,Average,Yes,Cat_6,Sedan
465769,9,4,25,Yes,Healthcare,Male,Low,No,Cat_6,Micro
462267,8,2,32,,Doctor,Male,Low,No,Cat_6,Micro
465269,1,3,45,Yes,Artist,Female,Average,Yes,Cat_3,Hatchback
460881,1,,72,Yes,Lawyer,Male,Low,Yes,Cat_4,Micro
461891,0,2,48,Yes,Artist,Male,Average,Yes,Cat_6,Hatchback
466935,9,2,55,Yes,Artist,Male,Average,Yes,Cat_1,Hatchback
464091,0,3,74,Yes,Lawyer,Male,High,Yes,Cat_6,Micro
464535,1,2,56,Yes,Lawyer,Male,High,Yes,Cat_6,SUV
463108,7,2,59,Yes,Lawyer,Male,High,Yes,Cat_6,SUV
461356,0,2,25,Yes,Entertainment,Male,Low,No,Cat_6,SUV
464570,0,2,31,Yes,Doctor,Male,Average,Yes,Cat_6,SUV
464580,8,4,27,No,Artist,Male,Low,No,Cat_6,SUV
465233,0,4,57,Yes,Artist,Male,Average,Yes,Cat_6,Sedan
467208,,2,39,Yes,Homemaker,Female,High,Yes,Cat_6,SUV
459954,8,2,27,Yes,Healthcare,Male,Low,Yes,Cat_6,Micro
460219,8,2,51,Yes,Entertainment,Female,Average,Yes,Cat_6,SUV
460877,0,5,47,No,Artist,Female,Average,Yes,Cat_6,Sedan
460191,8,4,33,No,Healthcare,Female,Low,No,Cat_6,Micro
463742,0,4,56,Yes,Artist,Male,Average,Yes,Cat_6,Hatchback
463691,0,3,33,No,Homemaker,Female,Low,No,Cat_6,Sedan
463250,0,2,36,Yes,Doctor,Female,Low,No,Cat_6,Micro
463952,4,3,51,No,Artist,Male,Low,Yes,Cat_4,SUV
461558,2,2,45,Yes,Engineer,Male,Average,Yes,Cat_6,Hatchback
466567,1,1,49,Yes,,Female,Low,No,Cat_6,Micro
465379,0,4,30,No,Healthcare,Male,Low,No,Cat_6,Hatchback
463814,6,3,26,No,Healthcare,Female,Low,No,Cat_5,Micro
466938,8,1,63,Yes,Artist,Male,Low,Yes,Cat_6,SUV
460671,8,4,35,No,Entertainment,Male,Average,Yes,Cat_3,Sedan
462204,1,3,19,No,Marketing,Female,Low,No,Cat_4,SUV
461671,7,5,32,No,Healthcare,Male,Low,No,Cat_6,Micro
459384,0,3,52,Yes,Artist,Male,Average,Yes,Cat_6,Hatchback
459905,5,2,36,Yes,Artist,Female,Low,Yes,Cat_6,Hatchback
464734,7,3,42,No,Entertainment,Female,Low,No,Cat_4,Micro
464125,0,2,40,No,Doctor,Male,Average,Yes,Cat_3,Micro
467434,0,3,39,Yes,Entertainment,Male,Low,No,Cat_1,Sedan
460956,1,4,47,Yes,Artist,Female,Average,Yes,Cat_3,Hatchback
465179,1,2,61,Yes,Artist,Female,High,Yes,Cat_6,Hatchback
467066,0,1,55,No,Artist,Male,Low,Yes,Cat_6,Sedan
463845,,1,58,Yes,Artist,Male,Average,Yes,Cat_6,Micro
459976,0,1,38,Yes,Artist,Female,Low,No,Cat_6,Micro
461334,0,2,63,Yes,Artist,Male,High,Yes,Cat_6,Hatchback
465108,1,2,58,Yes,Doctor,Male,Average,Yes,Cat_6,Hatchback
462600,3,3,30,No,Engineer,Male,Average,Yes,Cat_4,Micro
464144,0,4,60,Yes,Artist,Male,Average,Yes,Cat_6,Hatchback
466911,1,7,68,No,Executive,Male,High,Yes,Cat_6,Sedan
462806,0,3,52,No,Artist,Male,Low,Yes,Cat_4,SUV
463426,0,5,38,No,Executive,Male,High,Yes,Cat_6,SUV
464065,10,2,35,Yes,Healthcare,Female,Low,Yes,Cat_6,Sedan
462979,1,2,18,No,Doctor,Male,Low,No,Cat_6,Micro
462834,3,2,30,Yes,Homemaker,Male,Low,Yes,Cat_1,Micro
460764,1,1,86,No,Lawyer,Male,Low,No,Cat_6,Micro
466466,6,5,19,No,Healthcare,Female,Low,,Cat_3,Micro
460185,9,3,25,No,Healthcare,Male,Low,No,Cat_6,Micro
459749,,4,59,Yes,Entertainment,Male,Low,Yes,Cat_4,SUV
464406,0,1,39,Yes,Artist,Female,Low,No,Cat_6,SUV
467758,1,,50,Yes,Doctor,Female,Low,Yes,Cat_6,Sedan
462059,1,1,47,Yes,Artist,Male,Low,No,Cat_6,Hatchback
467905,0,3,43,Yes,Executive,Male,High,Yes,Cat_6,Micro
461177,8,4,36,No,Executive,Male,Average,Yes,Cat_1,Sedan
460765,1,1,80,No,Lawyer,Male,Low,Yes,Cat_6,Micro
465386,0,2,36,Yes,Artist,Male,Low,No,Cat_2,Hatchback
465827,2,7,27,No,,Male,Low,No,Cat_4,Micro
462332,1,2,37,Yes,Artist,Female,High,Yes,Cat_7,SUV
464481,0,3,46,Yes,Executive,Male,High,Yes,Cat_6,Hatchback
461011,1,4,55,No,Executive,Male,High,Yes,Cat_3,Sedan
464749,9,4,47,No,Engineer,Female,Average,Yes,Cat_4,Sedan
461094,1,3,28,Yes,Healthcare,Female,Low,No,Cat_3,Micro
462104,9,2,39,No,Entertainment,Male,Low,Yes,Cat_3,Micro
464524,1,2,27,No,Marketing,Female,Low,Yes,Cat_6,SUV
466295,0,,42,No,Engineer,Female,Low,Yes,Cat_6,SUV
461787,0,2,72,Yes,Artist,Male,Average,Yes,Cat_6,Hatchback
467857,0,2,28,Yes,Engineer,Female,Low,Yes,Cat_6,SUV
460153,8,5,35,Yes,Entertainment,Male,Low,No,Cat_6,Hatchback
465215,9,5,39,Yes,Executive,Male,High,Yes,Cat_2,SUV
466746,0,2,69,Yes,Lawyer,Female,High,Yes,Cat_6,Hatchback
464857,6,4,18,No,Healthcare,Male,Low,No,Cat_4,Micro
459478,,1,46,Yes,Artist,Male,Low,Yes,Cat_6,SUV
460723,1,2,50,Yes,Engineer,Female,High,Yes,Cat_4,Sedan
459853,5,5,30,No,Executive,Male,Low,No,Cat_6,SUV
459390,,2,41,No,Artist,Female,Low,No,Cat_6,Sedan
460410,3,4,39,Yes,Artist,Female,Low,No,Cat_6,Micro
463823,8,4,29,No,Marketing,Female,Low,No,Cat_6,Micro
462008,4,4,37,Yes,Artist,Female,Low,Yes,Cat_5,Sedan
459750,0,2,39,Yes,Engineer,Female,Average,Yes,Cat_6,SUV
459880,0,5,48,Yes,Artist,Female,Average,Yes,Cat_7,Hatchback
459261,0,3,32,Yes,Doctor,Female,Low,No,Cat_6,Hatchback
465656,1,,78,No,Lawyer,Male,Low,Yes,Cat_6,Sedan
465395,0,5,43,No,Engineer,Female,Average,Yes,Cat_4,Sedan
461631,8,5,29,No,Marketing,Male,Low,No,Cat_6,Hatchback
464904,9,2,28,No,Engineer,Female,Average,Yes,Cat_4,SUV
461740,1,1,80,Yes,Lawyer,Male,Low,Yes,Cat_6,Sedan
467092,7,4,28,Yes,Healthcare,Female,Low,No,Cat_6,Micro
464173,6,3,71,Yes,Artist,Male,Average,Yes,Cat_6,Hatchback
464972,0,9,67,No,Lawyer,Male,High,Yes,Cat_4,SUV
467959,0,1,26,No,Engineer,Female,Low,No,Cat_2,SUV
467688,0,2,47,Yes,Engineer,Female,Average,Yes,Cat_6,Hatchback
460043,2,2,43,Yes,Artist,Female,Average,Yes,Cat_6,Sedan
466590,0,4,27,Yes,Healthcare,Female,Low,No,Cat_6,Hatchback
461191,8,4,45,Yes,Marketing,Female,Low,Yes,Cat_6,Micro
465662,1,1,76,No,Executive,Male,Low,Yes,Cat_6,Hatchback
459231,3,4,43,Yes,Artist,Female,Average,Yes,Cat_6,Hatchback
466495,1,2,78,Yes,Lawyer,Female,High,Yes,Cat_6,Sedan
459192,3,3,35,Yes,Artist,Male,Average,Yes,Cat_6,Hatchback
465710,1,1,49,Yes,Artist,Female,Low,No,Cat_6,Hatchback
460258,1,5,25,Yes,Healthcare,Female,Low,No,Cat_6,Micro
462813,0,5,37,No,Executive,Male,Average,Yes,Cat_6,SUV
463595,1,5,32,No,Healthcare,Female,Low,No,,Hatchback
467768,0,2,60,Yes,Doctor,Male,Average,Yes,Cat_6,Hatchback
465291,5,3,45,Yes,Artist,Female,Average,Yes,Cat_6,Hatchback
462996,9,3,49,Yes,Homemaker,Female,Average,Yes,Cat_6,Hatchback
463497,0,5,32,Yes,Artist,Male,Low,No,Cat_6,Micro
465301,0,3,40,Yes,Artist,Female,Low,Yes,Cat_3,Sedan
464702,2,2,59,No,Artist,Male,Average,Yes,Cat_4,Hatchback
459012,3,5,48,Yes,Artist,Male,Low,Yes,Cat_6,Sedan
465053,0,2,82,Yes,Executive,Male,High,Yes,Cat_6,Hatchback
459420,0,2,70,Yes,Lawyer,Female,Low,Yes,Cat_6,Sedan
464166,5,2,31,Yes,Artist,Male,Low,No,Cat_6,Sedan
458987,0,2,72,Yes,Lawyer,Female,High,Yes,Cat_6,Hatchback
467745,3,4,50,Yes,Artist,Male,Average,Yes,Cat_6,Hatchback
464866,11,1,23,No,Engineer,Female,Low,No,Cat_3,Micro
461081,2,6,20,No,Healthcare,Female,Low,No,Cat_6,Micro
467896,4,3,22,No,Healthcare,Female,Low,No,Cat_6,Micro
463991,8,1,31,Yes,Engineer,Female,Low,No,Cat_6,SUV
466620,7,2,36,Yes,Artist,Female,Average,Yes,Cat_6,Hatchback
462594,,5,52,No,Entertainment,Male,Average,Yes,Cat_4,Sedan
462206,,1,29,Yes,Artist,Female,Low,No,Cat_4,Sedan
460697,4,4,40,Yes,Artist,Male,Average,Yes,Cat_6,Hatchback
467934,1,1,40,Yes,Artist,Female,Low,No,Cat_6,SUV
460054,,2,38,Yes,Artist,Male,Low,Yes,Cat_6,Hatchback
459576,,,85,No,Lawyer,Female,Low,Yes,,SUV
467910,1,3,21,No,Doctor,Female,Low,No,Cat_7,SUV
467335,4,2,41,No,Engineer,Female,Average,Yes,Cat_6,Micro
460263,0,2,40,Yes,Artist,Male,Low,Yes,Cat_6,Sedan
459340,1,3,53,Yes,Artist,Male,Average,Yes,Cat_6,Sedan
465622,5,2,42,Yes,Artist,Female,Low,Yes,Cat_6,Hatchback
459395,8,2,42,No,Executive,Male,Low,Yes,Cat_6,Micro
467539,,4,48,Yes,Artist,Male,Average,Yes,Cat_7,Hatchback
466574,7,2,59,Yes,Artist,Male,Low,Yes,Cat_6,Hatchback
466544,1,3,41,Yes,Executive,Male,Average,Yes,Cat_6,SUV
463610,0,2,31,Yes,Artist,Female,Average,Yes,Cat_6,SUV
465539,1,5,49,Yes,Artist,Female,High,Yes,Cat_6,Sedan
459823,1,2,67,Yes,Executive,Male,Low,Yes,Cat_6,SUV
467614,4,2,35,No,Artist,Male,Average,Yes,Cat_6,Sedan
459073,0,3,26,Yes,Healthcare,Female,Low,No,Cat_6,Hatchback
466065,9,3,19,No,Healthcare,Male,Low,,Cat_3,Micro
464863,6,8,25,No,Engineer,Female,Average,Yes,Cat_4,Micro
460022,4,2,39,Yes,Healthcare,Female,Low,Yes,Cat_6,SUV
459929,0,2,63,Yes,Entertainment,Male,Low,Yes,Cat_6,SUV
466613,8,3,23,No,Healthcare,Male,Low,No,Cat_6,Micro
461149,0,3,23,No,Healthcare,Female,Low,No,Cat_3,Micro
466068,2,1,53,Yes,Artist,Female,Low,Yes,Cat_6,Hatchback
461513,0,2,33,Yes,Doctor,Male,Low,No,Cat_6,Sedan
464761,,4,50,No,Engineer,Female,Average,Yes,Cat_2,Sedan
466236,0,2,69,Yes,Engineer,Female,Low,Yes,Cat_4,Sedan
459664,2,1,37,Yes,Artist,Male,Low,No,Cat_6,Sedan
461967,3,4,20,No,Marketing,Female,Low,No,Cat_7,Hatchback
460516,0,1,85,No,Lawyer,Female,High,,Cat_3,Hatchback
461710,1,4,49,Yes,Doctor,Female,Average,Yes,Cat_6,Hatchback
462742,0,3,18,No,Healthcare,Male,Low,No,Cat_3,Micro
459528,0,2,52,Yes,Doctor,Female,Average,Yes,Cat_6,Hatchback
462691,,2,25,No,Doctor,Male,Average,Yes,Cat_4,Sedan
462934,,2,56,No,Executive,Male,High,Yes,Cat_6,SUV
465837,0,1,62,Yes,,Male,Low,No,Cat_6,SUV
464613,0,3,35,,Artist,Female,Low,No,Cat_6,Sedan
467515,0,2,28,Yes,Engineer,Male,Average,Yes,Cat_6,SUV
463429,7,3,28,Yes,Artist,Female,Low,No,Cat_6,SUV
464024,0,5,20,No,Healthcare,Male,Low,No,Cat_7,Micro
460691,8,1,27,No,Homemaker,Female,Low,No,Cat_3,Micro
461825,,1,56,No,Engineer,Female,Low,No,Cat_6,SUV
467271,4,4,45,Yes,Artist,Male,Average,Yes,Cat_6,Sedan
465634,1,4,25,Yes,Healthcare,Male,Low,No,Cat_4,Sedan
464801,1,1,40,No,Marketing,Male,Low,No,Cat_4,Micro
459429,,2,25,Yes,Healthcare,Female,Low,Yes,Cat_6,Micro
459888,,2,74,No,Lawyer,Female,High,Yes,Cat_6,Micro
463467,0,4,23,No,Healthcare,Female,Low,No,,Micro
462036,0,2,67,Yes,Lawyer,Female,High,Yes,Cat_6,Sedan
461282,0,4,21,No,Healthcare,Male,Low,No,,Micro
460448,9,1,38,Yes,Artist,Female,Low,No,Cat_3,SUV
464464,0,4,28,No,Healthcare,Male,Low,No,Cat_2,Hatchback
462410,1,5,32,No,Healthcare,Female,Low,No,Cat_7,Sedan
467252,0,4,33,Yes,,Female,Low,No,,Micro
459756,1,4,56,No,Lawyer,Female,High,Yes,Cat_4,Sedan
463789,1,2,53,Yes,Artist,Female,Low,Yes,Cat_6,Hatchback
466947,1,5,57,No,Executive,Male,High,Yes,Cat_6,Hatchback
464150,0,3,59,Yes,Artist,Female,Average,Yes,Cat_6,Hatchback
465693,1,4,25,Yes,Healthcare,Female,High,Yes,Cat_4,SUV
461670,0,6,59,Yes,Artist,Male,Average,Yes,Cat_6,Hatchback
466768,0,4,36,Yes,Artist,Female,Low,Yes,Cat_6,Hatchback
461550,7,2,37,Yes,Entertainment,Male,Low,Yes,Cat_6,SUV
462438,1,3,22,No,Doctor,Male,Low,No,Cat_2,Micro
460704,1,2,43,Yes,Artist,Male,Low,Yes,Cat_6,Sedan
464884,1,2,41,Yes,Artist,Male,Low,Yes,Cat_4,SUV
467050,0,5,21,No,Engineer,Female,Low,No,Cat_2,Sedan
460738,1,,49,No,Engineer,Female,Low,No,Cat_7,SUV
466176,8,1,38,Yes,Doctor,Male,Low,No,Cat_2,Sedan
459488,,4,47,No,Artist,Male,Average,Yes,Cat_6,SUV
467773,1,3,70,Yes,Lawyer,Male,High,Yes,Cat_6,Hatchback
465425,1,4,31,No,Engineer,Female,Low,No,Cat_6,Sedan
462318,0,2,82,No,Lawyer,Female,Average,Yes,Cat_6,SUV
466078,,1,51,No,Executive,Female,Low,Yes,Cat_6,SUV
460792,11,,42,No,Homemaker,Female,Low,No,Cat_6,SUV
460197,8,3,38,Yes,Artist,Male,Low,No,Cat_2,SUV
459375,0,4,18,No,Executive,Male,High,Yes,Cat_6,SUV
463862,6,3,50,Yes,Artist,Male,Average,Yes,Cat_6,Hatchback
460144,1,,46,Yes,Doctor,Female,Low,No,Cat_3,SUV
462721,1,3,72,No,Lawyer,Female,High,Yes,Cat_6,Micro
459637,,4,33,No,Engineer,Female,Low,No,Cat_6,Hatchback
465809,1,7,25,No,Homemaker,Female,Low,No,Cat_4,Sedan
466915,2,2,75,No,Entertainment,Female,High,Yes,Cat_2,Micro
467343,1,1,72,Yes,Artist,Male,Low,No,Cat_6,Sedan
466268,0,3,72,Yes,Artist,Female,Average,Yes,Cat_4,Hatchback
464868,6,6,36,Yes,Entertainment,Male,Low,Yes,Cat_4,SUV
464038,1,2,40,Yes,Artist,Male,Low,Yes,Cat_6,SUV
460176,0,4,28,Yes,Entertainment,Female,Low,No,Cat_6,Hatchback
462161,0,3,28,Yes,Doctor,Female,Low,No,Cat_6,Micro
464841,0,3,19,No,Entertainment,Male,High,,Cat_4,Micro
464893,0,2,43,Yes,Artist,Male,Low,Yes,Cat_4,Sedan
464443,1,2,35,Yes,Artist,Female,Average,Yes,Cat_6,Sedan
467619,1,2,65,Yes,Lawyer,Male,High,Yes,Cat_6,Sedan
465974,7,4,52,Yes,Executive,Male,High,Yes,Cat_4,Hatchback
462075,1,1,40,Yes,Artist,Female,Low,No,Cat_6,Sedan
459494,9,3,69,No,Engineer,Female,Low,Yes,Cat_6,SUV
466921,3,3,22,No,Healthcare,Female,Low,No,Cat_6,Micro
463544,1,4,47,Yes,Executive,Male,Average,Yes,Cat_6,Hatchback
461167,1,2,29,Yes,Marketing,Male,High,Yes,Cat_3,SUV
467364,1,3,46,Yes,Artist,Male,Average,Yes,Cat_3,Hatchback
462408,1,2,32,Yes,Artist,Male,Low,No,Cat_6,SUV
466224,0,1,38,Yes,Healthcare,Female,Low,No,Cat_2,Hatchback
465151,0,1,59,Yes,Artist,Male,Low,Yes,Cat_6,Sedan
467216,1,1,26,Yes,Entertainment,Female,Low,No,Cat_6,Micro
460586,1,2,26,Yes,Healthcare,Male,Low,No,Cat_3,SUV
461197,0,1,28,No,Marketing,Male,Low,No,Cat_3,Micro
462776,1,3,53,Yes,Engineer,Female,Average,Yes,Cat_6,Hatchback
465058,,1,43,,Entertainment,Female,Low,No,Cat_6,Sedan
464088,1,3,27,No,Doctor,Male,Low,No,Cat_6,Micro
459471,,8,32,No,Artist,Female,Low,No,Cat_6,Hatchback
464695,0,4,26,No,Engineer,Male,Low,No,Cat_4,Micro
462331,0,2,31,No,Entertainment,Female,Low,No,Cat_6,Micro
466523,1,3,39,Yes,Executive,Male,High,Yes,Cat_3,Sedan
465337,1,3,43,No,Engineer,Female,Low,Yes,Cat_7,SUV
460834,1,2,25,No,Doctor,Male,Low,Yes,Cat_1,SUV
466824,3,3,40,Yes,Artist,Male,High,Yes,Cat_6,SUV
461607,7,2,40,Yes,Entertainment,Female,Average,Yes,Cat_3,Sedan
465091,,3,63,Yes,Entertainment,Male,Average,Yes,Cat_6,Hatchback
459532,,2,27,Yes,Healthcare,Female,Low,Yes,Cat_6,Micro
466999,1,3,27,Yes,Healthcare,Male,Low,No,Cat_6,Micro
466597,1,2,19,No,Healthcare,Female,Low,No,Cat_6,Micro
464075,0,2,86,Yes,Lawyer,Female,High,Yes,Cat_6,Sedan
463394,,2,41,Yes,Marketing,Male,High,Yes,Cat_6,Sedan
462163,4,2,27,Yes,Artist,Female,Average,Yes,Cat_3,Hatchback
463895,0,2,70,No,Doctor,Female,Average,Yes,Cat_6,Sedan
464767,8,4,53,No,Engineer,Female,Average,Yes,Cat_4,Sedan
464763,,4,49,No,Engineer,Female,Average,Yes,Cat_4,Sedan
460718,3,,55,No,Executive,Male,Low,Yes,Cat_4,Micro
461989,0,4,57,Yes,Engineer,Female,Average,,Cat_2,Hatchback
466374,,1,83,No,Lawyer,Male,Low,Yes,Cat_4,Sedan
463738,0,4,43,No,Executive,Male,High,Yes,Cat_6,SUV
465967,6,3,36,No,Doctor,Male,Low,Yes,Cat_6,SUV
462260,0,2,74,Yes,Lawyer,Male,Low,Yes,Cat_6,Hatchback
467234,0,4,30,No,Homemaker,Female,Low,No,Cat_6,Micro
466573,5,2,37,Yes,Artist,Female,Low,No,Cat_6,Sedan
463229,0,1,22,No,Marketing,Female,Low,No,Cat_5,Sedan
459768,0,4,19,No,Healthcare,Male,Low,No,Cat_6,Micro
462541,4,2,70,Yes,Engineer,Male,High,Yes,Cat_6,Sedan
467714,13,1,89,Yes,Lawyer,Male,Low,Yes,Cat_6,SUV
467730,,4,18,No,Healthcare,Male,Low,No,Cat_6,Micro
459474,6,1,25,Yes,Doctor,Male,Low,No,Cat_2,Micro
460093,4,1,45,Yes,Artist,Female,Low,No,Cat_3,SUV
467865,3,1,35,Yes,Artist,Female,Low,No,Cat_4,SUV
465758,7,1,37,No,Engineer,Female,Low,Yes,Cat_4,Micro
464184,4,2,39,No,Engineer,Female,Average,Yes,Cat_6,Sedan
462618,1,5,32,Yes,Healthcare,Female,Low,No,Cat_4,Micro
464226,2,3,62,Yes,Artist,Female,Average,Yes,Cat_6,Hatchback
465432,0,4,58,Yes,Engineer,Female,Average,Yes,Cat_4,Sedan
464087,,4,32,No,Engineer,Female,Low,No,Cat_6,Hatchback
466627,0,5,25,No,Healthcare,Male,Low,No,Cat_6,Hatchback
467380,0,4,56,Yes,Artist,Female,Average,Yes,Cat_6,Hatchback
465842,10,2,36,Yes,Entertainment,Female,Low,No,Cat_6,SUV
464622,8,3,30,No,Healthcare,Female,Low,No,Cat_6,SUV
462083,1,5,19,No,Healthcare,Male,Low,No,Cat_6,Micro
460910,0,2,27,Yes,Healthcare,Male,Low,No,Cat_6,SUV
460255,14,1,38,Yes,Doctor,Female,Low,No,Cat_6,SUV
460109,8,2,46,Yes,Artist,Male,Average,Yes,Cat_6,Hatchback
464306,3,1,29,Yes,Artist,Male,Low,No,Cat_6,Sedan
466835,1,4,51,No,Entertainment,Male,Average,Yes,Cat_7,Sedan
465192,0,1,55,No,Artist,Male,Low,Yes,Cat_6,SUV
463380,1,1,69,Yes,Engineer,Female,Low,Yes,Cat_3,SUV
462391,1,8,26,No,Healthcare,Female,Low,No,Cat_7,Hatchback
467086,0,3,83,Yes,Lawyer,Female,Low,Yes,Cat_6,SUV
460306,9,1,39,Yes,Healthcare,Female,Low,No,Cat_6,Micro
460752,9,1,35,Yes,Artist,Male,Low,Yes,Cat_6,SUV
467264,2,5,19,No,Marketing,Male,High,Yes,Cat_6,Hatchback
461646,,4,60,Yes,Artist,Female,High,Yes,Cat_6,Hatchback
463570,,4,35,Yes,Artist,Male,Average,Yes,Cat_6,Hatchback
465277,,1,53,Yes,Engineer,Female,Low,No,Cat_6,Sedan
467426,,,86,No,Lawyer,Female,Low,Yes,Cat_6,Sedan
466258,1,3,29,No,Healthcare,Female,Low,No,Cat_6,Sedan
463719,0,1,26,No,Doctor,Female,Low,No,Cat_6,Micro
460032,8,1,36,Yes,Engineer,Male,Low,No,Cat_6,SUV
465175,0,4,22,No,Homemaker,Female,Low,No,Cat_6,Micro
466610,0,5,19,No,Marketing,Male,Low,No,Cat_6,SUV
459036,1,3,20,Yes,Lawyer,Female,Average,Yes,Cat_3,SUV
464047,3,3,43,Yes,Healthcare,Male,Low,No,Cat_6,Micro
459496,,3,42,Yes,Artist,Female,Low,No,Cat_6,SUV
459997,1,2,43,Yes,Entertainment,Male,Low,No,Cat_4,SUV
463382,4,3,50,Yes,Engineer,Female,High,Yes,Cat_6,Sedan
460967,1,2,25,Yes,Entertainment,Male,Low,No,Cat_6,SUV
465094,1,2,61,No,Artist,Male,High,Yes,Cat_6,Sedan
461229,0,2,28,Yes,Healthcare,Female,Average,Yes,Cat_6,SUV
466442,1,1,38,Yes,Artist,Male,Low,No,Cat_6,Micro
464527,12,3,25,No,Executive,Male,Low,No,Cat_6,SUV
463560,9,5,18,No,Healthcare,Female,Low,No,Cat_4,Micro
460011,1,5,43,Yes,Entertainment,Male,Average,Yes,Cat_5,Hatchback
467207,8,1,27,Yes,Artist,Female,Low,No,Cat_6,Sedan
465177,1,2,60,Yes,Entertainment,Female,Low,No,Cat_6,Micro
467531,2,1,75,Yes,Lawyer,Male,Low,Yes,Cat_6,Micro
465409,,4,31,No,Doctor,Female,Low,No,Cat_6,Micro
462842,6,4,23,No,Doctor,Male,Low,No,Cat_2,Micro
462124,8,1,36,Yes,Artist,Male,Low,No,Cat_6,SUV
466265,1,1,30,No,Doctor,Male,Low,No,Cat_3,Hatchback
459789,1,2,56,No,Artist,Male,Average,Yes,Cat_6,Hatchback
464223,2,2,52,Yes,Artist,Female,Low,Yes,Cat_6,Hatchback
460280,0,1,39,Yes,Entertainment,Male,Low,Yes,Cat_6,Micro
460331,5,1,35,No,Artist,Female,Low,No,Cat_6,SUV
461494,0,2,33,No,Engineer,Male,Average,Yes,Cat_6,Sedan
460035,0,6,25,Yes,Artist,Female,Low,No,Cat_6,SUV
463812,0,2,27,Yes,Artist,Female,Average,Yes,Cat_4,Sedan
465569,1,3,35,Yes,Artist,Male,High,Yes,Cat_6,SUV
466333,1,2,41,Yes,Artist,Female,Average,Yes,Cat_6,Hatchback
467668,,3,49,Yes,Artist,Female,Average,Yes,Cat_7,Hatchback
462723,8,2,46,No,Artist,Female,Average,Yes,Cat_6,Sedan
460909,,2,31,No,Healthcare,Female,Low,No,Cat_6,Micro
467777,,1,49,Yes,Doctor,Male,Low,No,Cat_6,Hatchback
462404,9,1,26,Yes,Artist,Female,Low,No,Cat_6,SUV
461799,13,2,43,Yes,Doctor,Male,High,Yes,Cat_6,Sedan
459933,8,4,30,Yes,Artist,Female,Low,Yes,Cat_6,SUV
463717,1,4,70,Yes,Artist,Female,Average,Yes,Cat_6,Hatchback
463652,,1,28,Yes,Artist,Female,Low,No,Cat_6,Micro
462149,3,1,89,No,Lawyer,Female,High,Yes,Cat_6,Micro
462769,6,4,42,No,Homemaker,Female,High,Yes,Cat_6,Sedan
465532,6,3,37,Yes,Entertainment,Female,Average,Yes,Cat_4,SUV
462829,1,3,29,No,Executive,Male,Average,Yes,Cat_6,Micro
459210,1,2,68,Yes,Artist,Female,High,Yes,Cat_6,Hatchback
464659,1,1,25,No,Engineer,Female,Low,No,Cat_4,Micro
461411,1,,29,No,Healthcare,Male,Low,No,Cat_6,Micro
467759,0,2,48,Yes,Doctor,Female,Low,Yes,Cat_6,Hatchback
461475,1,3,51,Yes,Doctor,Female,Average,Yes,Cat_1,Hatchback
462714,1,5,40,Yes,Engineer,Female,High,Yes,Cat_2,Sedan
466890,0,6,47,Yes,Artist,Male,Average,Yes,Cat_7,Sedan
462888,,3,39,Yes,Executive,Male,High,Yes,Cat_6,Sedan
467479,1,4,35,Yes,Executive,Male,Average,Yes,Cat_6,Hatchback
466799,2,3,19,No,Healthcare,Female,Low,No,Cat_6,Micro
466557,7,,21,No,Healthcare,Female,Low,No,Cat_6,Micro
460873,0,3,46,Yes,Entertainment,Male,Average,Yes,Cat_4,Sedan
466776,0,1,86,Yes,Lawyer,Male,Low,Yes,Cat_6,Sedan
459462,0,2,66,Yes,Artist,Male,High,Yes,Cat_6,Sedan
465727,1,5,42,No,Marketing,Male,Low,No,Cat_4,Micro
462348,1,2,73,Yes,Lawyer,Female,High,Yes,Cat_6,Sedan
460941,1,1,72,No,Engineer,Male,Low,Yes,Cat_6,SUV
461629,0,3,53,Yes,Artist,Male,Low,Yes,Cat_6,Sedan
459907,8,2,39,Yes,Artist,Female,Average,Yes,Cat_6,Hatchback
467146,9,1,27,No,Homemaker,Female,Low,No,Cat_6,Micro
460916,1,,63,No,Entertainment,Male,Average,Yes,Cat_6,Sedan
459196,1,3,23,No,Healthcare,Female,Low,No,Cat_4,Micro
465444,0,4,30,Yes,Entertainment,Female,Low,No,Cat_6,Sedan
464186,5,2,39,Yes,Artist,Female,Average,Yes,Cat_6,Hatchback
466412,1,3,26,Yes,Artist,Male,Average,Yes,Cat_6,Sedan
459480,7,3,50,Yes,Entertainment,Female,Low,Yes,Cat_6,SUV
467880,1,2,45,Yes,Artist,Female,Average,Yes,Cat_6,Hatchback
460216,2,1,62,No,Entertainment,Female,Low,No,Cat_6,SUV
467941,1,3,27,Yes,Doctor,Female,Low,No,Cat_6,SUV
466090,1,,57,Yes,Entertainment,Male,Low,Yes,Cat_6,SUV
462572,1,7,30,No,Engineer,Female,Average,Yes,Cat_4,SUV
467443,7,4,32,No,Healthcare,Male,Low,No,Cat_3,SUV
462548,,5,18,,Executive,Male,Low,No,Cat_4,SUV
459701,3,3,47,No,Artist,Male,Low,No,Cat_5,Sedan
461139,4,4,32,Yes,Artist,Female,Low,No,Cat_2,SUV
461115,5,3,32,No,Engineer,Female,Low,Yes,Cat_1,SUV
459027,1,4,67,Yes,Doctor,Male,Average,Yes,Cat_6,Sedan
467340,0,2,77,Yes,Lawyer,Female,High,Yes,Cat_6,Hatchback
461410,0,2,79,No,,Male,Average,Yes,,Hatchback
460857,1,1,31,No,Entertainment,Male,Low,No,Cat_4,SUV
464300,0,3,42,Yes,Artist,Male,Low,Yes,Cat_4,SUV
460532,0,6,18,No,,Female,Low,No,Cat_6,Micro
463287,1,4,50,Yes,Artist,Male,Average,Yes,Cat_2,Hatchback
461392,0,5,71,Yes,Artist,Male,Average,Yes,Cat_6,Hatchback
461546,1,3,72,No,Lawyer,Female,Low,Yes,Cat_6,SUV
467780,,3,47,Yes,Artist,Male,Low,Yes,Cat_6,SUV
462130,9,2,45,Yes,Artist,Male,Average,Yes,Cat_6,Hatchback
464684,9,5,40,No,Engineer,Female,Low,No,Cat_4,SUV
462276,4,1,36,Yes,Engineer,Female,Low,No,Cat_6,SUV
462142,,1,42,Yes,Artist,Female,Low,No,Cat_6,Sedan
462417,4,4,30,No,Healthcare,Male,Low,No,Cat_6,Micro
466463,2,4,29,Yes,Healthcare,Female,Low,No,Cat_4,Sedan
464736,0,5,28,Yes,Engineer,Male,Low,No,Cat_4,Micro
467520,,2,22,No,Healthcare,Male,Low,,Cat_6,Micro
459835,,1,85,No,Lawyer,Male,Low,Yes,Cat_6,Micro
463855,1,2,40,Yes,Artist,Female,Average,Yes,Cat_6,Hatchback
460344,14,2,52,Yes,Artist,Female,Average,Yes,Cat_6,Hatchback
466211,0,,47,Yes,Artist,Male,Low,Yes,Cat_6,Hatchback
460139,6,6,26,No,Artist,Male,Low,No,Cat_5,Micro
464126,3,1,55,Yes,Marketing,Female,Low,No,Cat_6,Sedan
461286,4,4,20,No,Doctor,Female,Low,No,Cat_6,Micro
461621,0,2,87,Yes,Lawyer,Female,High,Yes,Cat_6,Hatchback
460163,0,2,28,No,Healthcare,Male,Low,No,Cat_4,SUV
461958,2,2,38,No,Artist,Male,Low,No,Cat_3,SUV
464875,1,2,42,No,Entertainment,Male,Low,Yes,Cat_4,Sedan
464791,0,6,42,No,Marketing,Male,High,Yes,Cat_4,SUV
464579,1,4,29,No,Engineer,Female,Low,No,Cat_6,Micro
463531,0,4,32,Yes,Doctor,Male,Low,No,Cat_6,SUV
462651,,5,38,No,Executive,Male,High,Yes,Cat_4,Micro
465486,1,2,59,No,Artist,Female,High,Yes,Cat_6,Hatchback
460882,0,2,22,No,Healthcare,Male,Low,No,Cat_3,Micro
467162,9,,26,No,Homemaker,Female,Low,No,Cat_4,Micro
461298,1,2,78,Yes,Artist,Female,High,Yes,Cat_6,Hatchback
461595,0,3,32,Yes,Healthcare,Female,Low,No,Cat_4,SUV
459260,0,4,37,Yes,Artist,Male,Average,Yes,Cat_7,Hatchback
462772,1,4,37,Yes,Healthcare,Male,High,Yes,Cat_6,Sedan
462941,,2,67,No,Lawyer,Male,Low,No,Cat_6,Micro
459143,0,4,47,No,Artist,Male,High,Yes,Cat_6,Sedan
464532,0,2,68,Yes,Lawyer,Female,High,Yes,Cat_6,SUV
460056,3,5,30,Yes,Healthcare,Male,Low,No,Cat_1,Hatchback
466761,2,1,48,Yes,Entertainment,Female,Low,Yes,Cat_1,SUV
465469,6,1,43,Yes,Artist,Female,Low,No,Cat_6,Hatchback
461886,9,2,33,Yes,Healthcare,Male,Low,Yes,Cat_6,Micro
465680,0,5,31,No,Healthcare,Male,Average,Yes,Cat_4,Micro
459316,1,2,32,Yes,Healthcare,Male,Low,Yes,Cat_6,Micro
465609,1,4,21,No,Healthcare,Female,Low,No,Cat_2,Micro
467009,2,4,29,No,Homemaker,Female,Low,No,Cat_3,Micro
461766,1,2,35,Yes,Artist,Female,Low,Yes,Cat_4,SUV
464938,0,3,46,No,Artist,Male,Low,Yes,Cat_4,SUV
462034,9,2,38,Yes,Artist,Female,High,Yes,Cat_2,Sedan
464049,1,3,32,Yes,Healthcare,Female,Low,No,Cat_6,Hatchback
467925,3,7,28,Yes,Artist,Female,Low,No,Cat_2,SUV
463711,3,1,68,Yes,Lawyer,Female,Low,Yes,Cat_6,SUV
463846,4,1,45,Yes,Artist,Female,Low,Yes,Cat_6,Hatchback
462064,0,3,58,Yes,Artist,Male,Average,Yes,Cat_7,Hatchback
463249,1,2,28,No,Entertainment,Male,Low,No,Cat_7,SUV
464217,12,3,32,No,Healthcare,Female,Low,No,Cat_6,SUV
463378,1,1,30,Yes,Doctor,Male,Low,No,Cat_3,Sedan
463035,3,4,42,No,Homemaker,Female,Average,Yes,Cat_6,Micro
459656,,6,22,No,,Male,Low,No,Cat_1,Micro
463114,,3,41,Yes,Artist,Male,Low,No,Cat_6,Hatchback
465309,6,4,18,No,Healthcare,Female,Low,No,Cat_7,Micro
462688,8,3,29,Yes,Healthcare,Female,Low,Yes,Cat_3,Micro
459255,0,3,33,Yes,Healthcare,Female,Low,No,Cat_6,SUV
467385,1,,47,No,Artist,Male,Low,No,Cat_4,SUV
467492,1,2,57,Yes,Doctor,Female,Low,Yes,Cat_7,SUV
460789,1,3,36,Yes,Executive,Male,Low,Yes,Cat_6,Micro
467307,1,3,57,Yes,Executive,Male,High,Yes,Cat_6,Hatchback
464026,1,2,18,No,Healthcare,Male,Low,No,Cat_6,Micro
464645,1,5,52,Yes,Artist,Male,Average,,Cat_4,Hatchback
462493,1,6,52,Yes,Artist,Male,Average,Yes,Cat_6,Hatchback
460685,6,4,51,,Artist,Male,Low,No,Cat_4,Sedan
460452,0,2,37,Yes,Entertainment,Female,Average,Yes,Cat_1,Sedan
459322,0,1,36,Yes,Marketing,Male,Low,No,Cat_6,SUV
464066,9,3,29,Yes,Healthcare,Female,Low,No,Cat_4,SUV
461114,1,4,45,Yes,Artist,Male,Average,Yes,Cat_3,Hatchback
465165,0,1,61,Yes,Artist,Male,Low,No,Cat_6,Sedan
464526,1,4,52,Yes,Entertainment,Male,Average,Yes,Cat_6,SUV
460666,14,1,49,Yes,Homemaker,Female,Low,Yes,Cat_6,SUV
465417,,2,40,Yes,Entertainment,Male,Average,Yes,Cat_4,Sedan
464096,1,5,31,No,Healthcare,Female,Low,No,Cat_4,Hatchback
464891,1,3,42,No,Entertainment,Male,Low,Yes,Cat_4,SUV
460107,1,5,51,Yes,Engineer,Male,Average,Yes,Cat_6,Hatchback
467708,8,1,42,Yes,Healthcare,Female,Low,No,Cat_7,Micro
461873,1,4,29,Yes,Doctor,Male,Low,No,Cat_6,Hatchback
465181,8,1,33,Yes,Healthcare,Female,Low,No,Cat_4,SUV
467204,,3,27,Yes,Healthcare,Male,Low,No,Cat_6,Micro
467320,0,4,21,No,Healthcare,Female,Low,No,Cat_2,Micro
459468,9,3,35,No,Artist,Male,Average,Yes,Cat_6,Sedan
467316,0,1,42,Yes,Doctor,Female,Low,No,Cat_6,SUV
466182,2,1,41,Yes,Artist,Female,Low,No,Cat_6,Hatchback
463757,0,3,39,Yes,Artist,Male,Low,No,Cat_6,Sedan
462314,14,1,28,No,Doctor,Female,Low,No,Cat_6,SUV
466392,3,,45,Yes,Engineer,Female,Average,Yes,Cat_3,Sedan
466652,1,2,61,Yes,Doctor,Female,Average,Yes,Cat_6,Sedan
461664,0,4,62,Yes,Artist,Male,Average,Yes,Cat_6,Hatchback
464105,1,2,65,Yes,Entertainment,Male,Average,Yes,Cat_6,Hatchback
466790,1,2,45,Yes,Doctor,Male,Average,Yes,Cat_3,SUV
463844,9,2,26,Yes,Engineer,Female,Low,Yes,Cat_6,Sedan
462913,4,5,25,Yes,Artist,Female,Low,No,Cat_6,Hatchback
465541,1,4,45,Yes,Artist,Female,Average,Yes,Cat_7,Hatchback
459149,0,4,43,No,Executive,Male,High,Yes,Cat_6,Sedan
464508,1,3,49,Yes,Executive,Male,High,Yes,Cat_6,Hatchback
458999,1,2,55,Yes,Artist,Male,Average,Yes,Cat_6,Hatchback
459947,3,1,37,Yes,Artist,Female,Low,No,Cat_6,Sedan
465500,1,2,65,Yes,Entertainment,Male,High,Yes,Cat_6,Hatchback
466009,10,5,32,No,,Female,Low,No,Cat_6,Hatchback
466338,0,3,39,No,Engineer,Female,Low,No,Cat_4,SUV
465122,2,2,40,Yes,Artist,Female,Average,Yes,Cat_6,Hatchback
465230,1,3,72,Yes,Entertainment,Male,Average,Yes,Cat_6,Hatchback
466369,5,1,38,No,Homemaker,Female,Low,No,Cat_2,Sedan
463939,0,5,26,No,Marketing,Male,Low,No,Cat_6,Micro
460825,1,3,30,Yes,Doctor,Male,Low,No,Cat_4,Micro
461125,1,,51,Yes,Homemaker,Male,Low,Yes,Cat_4,SUV
463471,1,4,57,Yes,Marketing,Male,Low,No,Cat_7,SUV
467415,1,1,31,Yes,Healthcare,Female,Low,No,Cat_6,Micro
465879,0,1,39,Yes,Artist,Male,Low,No,Cat_6,SUV
463961,0,4,30,No,Engineer,Female,Low,No,Cat_4,SUV
462634,0,3,43,No,Artist,Female,Average,Yes,Cat_4,SUV
463622,8,1,27,Yes,Healthcare,Male,Low,No,Cat_3,Hatchback
466624,0,4,46,No,Artist,Female,Average,Yes,Cat_3,Hatchback
467785,1,2,43,No,Artist,Male,Low,Yes,Cat_6,Sedan
461928,,1,69,Yes,Lawyer,Male,Low,Yes,,SUV
460578,8,4,28,No,Entertainment,Male,Average,Yes,Cat_7,Micro
460198,9,1,43,Yes,Entertainment,Male,Low,No,Cat_6,Micro
467468,,5,27,No,Healthcare,Female,Low,No,Cat_7,Micro
463581,1,3,28,Yes,Healthcare,Female,Low,No,Cat_6,Micro
463968,,4,33,No,Artist,Male,Low,No,Cat_6,Micro
465414,0,1,30,No,Engineer,Female,Low,No,,Sedan
464574,4,2,58,No,Healthcare,Male,Low,No,Cat_6,Micro
462312,8,4,38,Yes,Engineer,Female,Low,No,Cat_6,SUV
467971,1,4,31,Yes,Artist,Female,Low,No,Cat_6,Micro
464746,4,5,32,No,Executive,Male,Average,Yes,Cat_4,Micro
459298,4,4,45,Yes,Artist,Male,Average,Yes,Cat_6,Hatchback
466414,1,3,66,Yes,Artist,Male,Low,Yes,Cat_6,SUV
460773,1,3,51,Yes,Artist,Female,Average,Yes,Cat_6,Hatchback
461594,,2,59,Yes,Artist,Female,Average,Yes,Cat_6,Hatchback
462713,,1,40,Yes,Engineer,Female,Low,No,Cat_3,Sedan
465163,11,5,46,Yes,Artist,Male,Average,Yes,Cat_6,Hatchback
462222,1,6,20,No,Healthcare,Male,Low,No,Cat_4,Micro
459342,1,2,84,No,Lawyer,Female,High,Yes,Cat_6,Hatchback
463006,,1,41,Yes,Marketing,Female,Low,No,Cat_6,Micro
463029,,3,51,No,Artist,Male,Average,Yes,Cat_6,Hatchback
460767,8,5,57,Yes,Entertainment,Male,Average,Yes,Cat_2,SUV
464319,0,1,33,No,Doctor,Female,Low,No,Cat_6,SUV
462828,3,3,25,No,Marketing,Male,Low,No,Cat_5,Micro
459873,,3,55,Yes,Artist,Male,Average,Yes,Cat_4,SUV
461608,,4,56,Yes,Executive,Female,High,Yes,Cat_1,SUV
465155,1,1,77,Yes,Lawyer,Male,Low,Yes,Cat_6,Hatchback
461704,1,2,30,Yes,Healthcare,Male,Low,Yes,Cat_6,SUV
464826,6,5,23,No,Healthcare,Male,Low,No,Cat_4,Micro
462677,2,4,43,Yes,Artist,Female,Low,No,Cat_6,Sedan
465006,5,1,39,Yes,Entertainment,Male,Low,No,Cat_6,SUV
463483,1,2,29,No,Executive,Male,High,Yes,Cat_6,Micro
459816,,2,37,Yes,Doctor,Male,Low,Yes,Cat_6,Micro
459002,2,2,45,No,Engineer,Female,Low,Yes,Cat_6,Micro
465990,2,2,48,No,Executive,Male,High,Yes,Cat_2,Micro
466044,0,4,27,No,Entertainment,Male,Average,Yes,Cat_6,SUV
461163,9,4,60,No,Entertainment,Female,Low,Yes,Cat_3,Sedan
467106,4,3,45,Yes,Entertainment,Male,Average,Yes,Cat_2,Sedan
467373,,1,31,Yes,Healthcare,Male,Low,No,Cat_6,Micro
461256,1,4,33,No,Doctor,Male,Low,No,Cat_4,Hatchback
466522,6,4,18,No,,Male,High,,Cat_3,Micro
459010,,3,48,Yes,Artist,Female,Average,Yes,Cat_6,Sedan
466537,,2,83,No,Lawyer,Female,Low,Yes,Cat_6,SUV
459046,,4,57,Yes,Executive,Male,Low,Yes,Cat_2,SUV
459335,,3,26,Yes,Healthcare,Male,Low,No,Cat_1,Micro
462695,8,5,51,Yes,Artist,Male,Low,Yes,Cat_6,SUV
466208,2,1,67,No,Executive,Male,High,Yes,Cat_6,Hatchback
462128,9,2,38,Yes,Artist,Male,Average,Yes,Cat_6,Hatchback
467329,0,1,40,Yes,Doctor,Female,Low,No,Cat_6,Hatchback
461609,5,2,45,Yes,Artist,Female,Average,Yes,Cat_6,Sedan
464470,0,4,48,Yes,Artist,Male,Average,Yes,Cat_6,Hatchback
462705,0,2,69,No,Lawyer,Female,Average,Yes,Cat_6,Hatchback
465255,9,5,21,No,Healthcare,Male,Low,No,Cat_6,Micro
462536,1,,48,No,Engineer,Female,High,Yes,Cat_6,Sedan
461186,,3,18,No,Healthcare,Female,Low,No,Cat_3,Micro
466018,0,3,72,Yes,Artist,Male,Low,Yes,Cat_4,Hatchback
461385,,1,85,No,Lawyer,Male,Low,Yes,Cat_6,Micro
459115,1,5,21,No,Marketing,Female,Low,No,Cat_4,Micro
461263,1,1,48,Yes,Artist,Female,Low,Yes,Cat_4,SUV
460027,6,,37,Yes,Entertainment,Female,Low,No,Cat_6,SUV
460366,1,5,28,No,Healthcare,Male,Low,No,Cat_4,Micro
464106,1,2,55,Yes,Entertainment,Male,Low,Yes,Cat_6,SUV
465696,0,2,56,Yes,Artist,Female,Low,No,Cat_6,Hatchback
461627,1,2,50,Yes,Doctor,Male,Low,Yes,Cat_6,Hatchback
467963,1,4,21,No,Healthcare,Male,Low,No,Cat_6,Micro
462437,0,6,18,No,Healthcare,Male,Low,No,Cat_6,Micro
467543,0,2,68,Yes,Lawyer,Male,High,Yes,Cat_6,Sedan
465206,13,1,47,Yes,Artist,Male,Low,Yes,Cat_6,Hatchback
463040,1,2,75,No,Lawyer,Male,High,Yes,Cat_6,Sedan
461668,3,4,50,Yes,Artist,Male,Average,Yes,Cat_2,Hatchback
461955,0,4,31,Yes,Healthcare,Male,Low,No,Cat_6,Micro
467139,0,3,30,Yes,Artist,Female,Low,No,Cat_6,SUV
459366,0,4,41,Yes,Artist,Female,Low,Yes,Cat_6,SUV
460689,6,2,41,,Executive,Male,High,Yes,Cat_3,SUV
462167,2,1,35,No,Healthcare,Female,Low,Yes,Cat_6,SUV
466752,0,1,37,Yes,Healthcare,Male,Low,Yes,Cat_6,Micro
462778,0,,60,Yes,Entertainment,Male,Low,Yes,Cat_6,Micro
466902,0,3,50,Yes,Doctor,Male,Average,Yes,Cat_6,Hatchback
459534,0,2,36,Yes,Artist,Male,Average,Yes,Cat_6,Hatchback
463399,3,3,26,No,Marketing,Female,Low,No,Cat_3,SUV
465538,7,2,62,No,,Male,High,Yes,Cat_6,Micro
464878,0,4,22,No,Healthcare,Male,Low,No,Cat_4,Micro
467599,0,3,19,No,Healthcare,Female,Low,No,Cat_6,Micro
466226,0,5,45,Yes,Artist,Female,Average,Yes,Cat_6,Hatchback
463576,0,4,31,No,Doctor,Female,Low,No,Cat_6,Micro
464911,0,3,56,Yes,Artist,Male,Average,Yes,Cat_4,Hatchback
466457,8,5,62,,Lawyer,Female,Low,Yes,Cat_6,SUV
463909,1,3,25,Yes,Healthcare,Female,Low,No,Cat_6,Sedan
466099,1,1,73,Yes,Lawyer,Female,Low,Yes,Cat_6,Sedan
464427,1,4,62,Yes,Doctor,Male,Average,Yes,Cat_3,Hatchback
463951,0,3,46,No,Entertainment,Male,Average,Yes,Cat_6,SUV
465638,,,51,Yes,Artist,Female,Low,Yes,Cat_3,Hatchback
465289,1,2,25,Yes,Executive,Male,High,Yes,Cat_6,SUV
466718,0,2,66,,Executive,Male,High,Yes,Cat_6,Sedan
464219,1,2,27,Yes,Marketing,Male,Low,No,Cat_3,SUV
467098,1,2,87,No,Executive,Male,Low,Yes,Cat_6,SUV
467451,0,1,47,Yes,Artist,Female,Low,Yes,Cat_1,SUV
465137,1,4,57,Yes,Artist,Male,Average,Yes,Cat_6,Hatchback
462289,0,4,60,Yes,Artist,Male,Average,Yes,Cat_3,SUV
467459,,5,40,Yes,Executive,Male,High,Yes,Cat_6,Sedan
460308,7,,32,Yes,Doctor,Female,Low,No,Cat_2,SUV
467647,2,3,28,Yes,Healthcare,Male,Low,No,Cat_6,Micro
459803,4,3,39,Yes,Doctor,Male,Low,No,Cat_6,Hatchback
465972,9,1,47,Yes,Marketing,Female,Low,No,Cat_6,Micro
459414,8,,39,Yes,,Female,Low,No,Cat_6,Hatchback
466173,1,,28,No,Entertainment,Male,Low,No,Cat_3,SUV
464136,0,3,69,Yes,Artist,Male,Average,Yes,Cat_6,SUV
459286,0,1,42,Yes,Artist,Female,Low,No,Cat_6,Micro
463580,1,1,46,Yes,Engineer,Female,Low,Yes,Cat_6,Micro
466636,3,3,23,No,Marketing,Female,Low,No,Cat_6,Hatchback
461064,1,5,45,Yes,Artist,Male,Low,No,Cat_6,Hatchback
461597,1,4,38,Yes,Doctor,Female,Average,Yes,Cat_6,Sedan
458990,1,3,71,No,Lawyer,Female,High,Yes,Cat_6,Micro
461351,0,2,26,No,Doctor,Female,Low,No,Cat_6,Micro
464420,8,2,60,Yes,Artist,Female,High,Yes,Cat_6,Hatchback
462060,1,2,46,Yes,Artist,Female,Average,Yes,Cat_6,Hatchback
465707,1,4,39,Yes,Entertainment,Male,Average,Yes,Cat_3,Hatchback
463733,1,3,18,No,Healthcare,Female,Low,No,Cat_6,Micro
463960,1,2,26,Yes,Doctor,Male,Average,Yes,Cat_7,SUV
462395,1,2,53,Yes,Artist,Male,High,Yes,Cat_6,Micro
461015,1,2,40,Yes,Entertainment,Male,Average,Yes,Cat_3,Hatchback
464965,,7,76,No,Executive,Male,Low,Yes,Cat_4,Micro
466267,0,3,26,Yes,Entertainment,Male,Average,Yes,Cat_3,SUV
464056,0,2,65,Yes,Artist,Female,Average,Yes,Cat_6,Hatchback
465898,12,2,37,Yes,Artist,Female,Low,No,Cat_6,SUV
465361,0,4,25,No,Healthcare,Male,Low,No,Cat_3,Hatchback
461394,0,5,21,No,Engineer,Female,Low,No,Cat_2,Micro
466269,0,4,25,No,Healthcare,Female,Low,No,Cat_2,Micro
466213,4,5,23,No,Healthcare,Male,Low,No,Cat_6,Micro
465550,1,6,30,Yes,Healthcare,Female,Low,No,Cat_3,Micro
463451,0,4,30,No,Doctor,Female,Low,No,Cat_6,Micro
463877,0,4,42,No,Entertainment,Male,Average,Yes,Cat_4,SUV
459499,,2,81,No,Lawyer,Female,High,Yes,Cat_6,Micro
463876,1,5,49,Yes,Entertainment,Male,Average,Yes,Cat_6,Hatchback
465448,0,3,32,No,Healthcare,Male,Low,No,Cat_2,SUV
463041,,4,43,Yes,Artist,Female,Average,Yes,Cat_2,Sedan
459325,9,4,26,No,Executive,Male,High,Yes,Cat_6,Micro
467233,1,2,67,No,Artist,Female,Low,No,Cat_6,Sedan
465264,0,1,88,No,Executive,Male,Low,Yes,Cat_6,SUV
461811,8,4,40,Yes,Healthcare,Female,Low,No,Cat_2,Micro
466370,0,4,48,Yes,Artist,Female,Low,,Cat_2,Hatchback
465368,7,3,18,No,Healthcare,Male,Low,No,Cat_1,Micro
461245,5,3,39,Yes,,Male,Average,Yes,Cat_6,SUV
467693,7,5,61,Yes,Entertainment,Male,High,Yes,Cat_6,Sedan
467879,,4,51,Yes,Artist,Female,High,Yes,Cat_6,Hatchback
461499,0,2,25,No,Engineer,Female,Average,Yes,Cat_4,SUV
465936,6,3,35,Yes,Artist,Male,Low,No,Cat_6,Sedan
459748,0,2,46,No,Executive,Male,High,Yes,Cat_6,Hatchback
466376,2,3,53,No,Homemaker,Female,High,Yes,Cat_6,Sedan
460215,9,1,48,Yes,Entertainment,Male,Low,Yes,Cat_6,Micro
462076,1,2,75,Yes,Lawyer,Male,Low,Yes,Cat_6,Micro
465756,1,3,23,No,Healthcare,Male,Low,No,Cat_4,Micro
463573,1,2,29,No,Doctor,Male,Low,No,Cat_6,Micro
463455,0,2,46,No,Artist,Male,Low,Yes,Cat_6,Sedan
460841,1,1,61,Yes,Marketing,Female,Low,No,Cat_6,Micro
463959,1,1,37,No,Artist,Female,Low,No,Cat_6,Sedan
461792,6,5,23,No,Healthcare,Female,Low,No,Cat_2,Micro
459118,,8,21,No,Healthcare,Male,Low,No,Cat_6,Micro
462791,7,4,33,No,Healthcare,Female,Low,No,Cat_5,Micro
460852,0,,74,No,Executive,Male,Low,Yes,,Micro
463102,0,2,41,No,Entertainment,Male,Low,No,Cat_6,Micro
463302,,4,58,Yes,Engineer,Female,High,Yes,Cat_6,Sedan
462659,8,2,25,Yes,Entertainment,Male,Average,Yes,Cat_6,SUV
463408,2,3,33,No,Marketing,Male,Low,No,Cat_6,Micro
462071,0,2,43,No,Doctor,Male,Low,Yes,Cat_6,SUV
464806,1,2,25,No,Executive,Male,Low,Yes,Cat_4,Micro
463664,0,1,26,No,Engineer,Female,Low,No,Cat_6,SUV
467795,1,5,22,No,Healthcare,Male,Low,No,Cat_6,Micro
459141,0,2,28,No,Artist,Male,Average,Yes,Cat_6,Micro
465900,7,1,36,Yes,Entertainment,Female,Low,No,Cat_6,SUV
467265,1,3,28,No,Healthcare,Female,Low,No,Cat_4,Hatchback
464490,1,4,85,Yes,Artist,Male,High,Yes,Cat_6,SUV
461920,0,,30,Yes,Entertainment,Male,Low,No,Cat_6,Micro
460411,7,2,43,Yes,Healthcare,Male,High,Yes,Cat_6,SUV
466491,1,2,82,No,Executive,Male,High,Yes,Cat_6,Sedan
459062,,5,48,Yes,Executive,Male,High,,Cat_6,Sedan
465248,3,3,18,No,Healthcare,Female,Low,No,Cat_2,Micro
463308,1,2,53,Yes,Engineer,Male,Low,Yes,Cat_3,SUV
463478,0,4,50,Yes,Artist,Male,Average,Yes,Cat_6,Sedan
465396,9,6,39,No,Engineer,Female,Average,Yes,Cat_4,Micro
461954,2,6,35,No,Engineer,Female,Average,Yes,Cat_2,Sedan
467287,,3,28,Yes,Entertainment,Male,Low,No,Cat_4,Micro
463800,1,3,33,Yes,Engineer,Female,Low,No,Cat_6,SUV
459894,1,3,35,Yes,Healthcare,Female,Low,Yes,Cat_6,Hatchback
459778,0,4,48,Yes,Entertainment,Male,Average,Yes,Cat_6,Sedan
464662,1,3,50,Yes,Artist,Female,High,Yes,Cat_4,Hatchback
460878,0,4,47,No,Entertainment,Male,Average,Yes,Cat_6,Hatchback
462187,4,1,50,Yes,Artist,Female,Low,No,Cat_6,Hatchback
462675,,4,56,Yes,Artist,Male,Low,Yes,Cat_3,SUV
461908,10,1,26,No,Healthcare,Female,Low,No,Cat_6,Micro
461951,0,4,21,No,Healthcare,Male,Low,No,Cat_6,Micro
465352,1,4,61,Yes,Entertainment,Male,Average,Yes,Cat_6,Hatchback
464258,0,2,88,No,Lawyer,Female,High,Yes,Cat_6,Sedan
464215,1,2,72,No,Marketing,Male,Low,No,Cat_6,Micro
467561,1,2,61,Yes,Artist,Male,Low,Yes,Cat_6,Sedan
460322,8,,45,No,Engineer,Female,Low,Yes,Cat_6,SUV
464665,1,5,51,No,Engineer,Female,Average,Yes,Cat_4,Sedan
460670,6,2,42,Yes,Artist,Male,Low,No,Cat_3,Sedan
461486,8,3,59,No,Entertainment,Male,Average,Yes,Cat_6,Hatchback
459526,4,1,45,Yes,Healthcare,Female,Low,No,Cat_6,SUV
465429,,3,68,Yes,Artist,Female,Average,Yes,Cat_6,Hatchback
466492,0,2,85,Yes,Lawyer,Female,High,Yes,Cat_6,SUV
459489,1,4,46,Yes,Doctor,Male,Average,Yes,Cat_6,Sedan
459681,0,2,32,Yes,Artist,Female,Average,Yes,Cat_6,Sedan
462971,0,1,70,Yes,Engineer,Female,Low,Yes,Cat_6,Hatchback
461233,,,37,Yes,Entertainment,Male,Low,Yes,Cat_3,Micro
461221,1,4,30,No,Marketing,Female,Low,No,Cat_6,Sedan
464090,1,2,33,Yes,Engineer,Female,Low,No,Cat_6,SUV
459863,,3,61,No,Healthcare,Male,Low,Yes,Cat_6,SUV
459822,0,1,37,Yes,Engineer,Female,Low,No,Cat_4,Micro
462540,6,2,32,Yes,Entertainment,Male,Low,Yes,Cat_2,Sedan
467411,0,2,52,Yes,Artist,Male,High,Yes,Cat_6,Sedan
463997,0,3,42,No,Entertainment,Female,Average,Yes,Cat_6,Sedan
464103,3,2,47,Yes,Artist,Male,Average,Yes,Cat_6,Sedan
465751,9,2,52,Yes,Artist,Female,Low,Yes,Cat_6,Hatchback
459797,0,3,66,Yes,Entertainment,Male,Average,Yes,Cat_6,Hatchback
460798,,6,28,No,Engineer,Female,Low,No,Cat_6,Hatchback
464572,1,1,47,Yes,Marketing,Female,Low,Yes,Cat_6,Micro
462352,1,3,52,Yes,Entertainment,Male,Average,Yes,Cat_6,Sedan
460513,2,4,27,No,Healthcare,Male,Low,No,Cat_3,Micro
463228,0,5,56,Yes,Artist,Female,Average,Yes,Cat_6,Sedan
464765,7,6,53,No,Engineer,Female,Average,Yes,Cat_4,SUV
463720,1,4,45,Yes,Artist,Female,Average,Yes,Cat_4,Sedan
460799,1,1,37,No,Homemaker,Female,Low,No,Cat_1,Micro
460891,2,4,36,No,Artist,Female,Average,Yes,Cat_3,Hatchback
460311,2,3,25,Yes,Entertainment,Male,Low,No,Cat_1,Micro
466727,1,2,45,Yes,Artist,Female,Average,Yes,Cat_6,Sedan
466157,9,,72,Yes,Homemaker,Male,Low,Yes,,SUV
465138,1,3,35,Yes,Entertainment,Male,Low,No,Cat_3,SUV
466361,1,2,72,Yes,Lawyer,Female,High,Yes,Cat_6,Sedan
463154,1,4,31,No,Artist,Female,Low,Yes,Cat_6,Micro
462967,4,3,47,No,Entertainment,Male,Average,Yes,Cat_6,Sedan
460908,7,3,20,No,Healthcare,Male,Low,No,Cat_6,Micro
467560,1,2,73,Yes,Lawyer,Female,Low,Yes,Cat_6,Sedan
463404,,2,29,No,Doctor,Male,High,Yes,Cat_3,Sedan
463281,3,2,25,No,Entertainment,Male,Average,Yes,Cat_3,Micro
462466,0,4,52,Yes,Executive,Male,High,Yes,Cat_6,Hatchback
463744,1,6,27,Yes,Artist,Female,Low,No,Cat_6,Hatchback
464209,1,4,52,Yes,Executive,Male,Average,Yes,Cat_2,Hatchback
462528,0,1,49,Yes,Artist,Female,Low,Yes,Cat_6,Hatchback
459518,,4,60,,,Male,Average,Yes,Cat_6,Sedan
460061,0,1,45,Yes,Marketing,Male,Low,No,Cat_3,Micro
466188,4,1,59,Yes,Artist,Male,Low,Yes,Cat_4,Sedan
467914,8,5,18,No,Healthcare,Female,Low,No,Cat_6,Micro
462758,0,3,18,No,Healthcare,Male,Low,No,Cat_6,Micro
465704,1,1,55,No,Artist,Male,Low,Yes,Cat_6,Hatchback
460397,1,1,59,Yes,Entertainment,Female,Low,No,Cat_6,SUV
466676,0,2,22,No,Healthcare,Male,Low,No,Cat_6,Micro
465024,0,4,52,Yes,Executive,Male,High,Yes,Cat_6,Hatchback
461630,1,3,51,Yes,Artist,Male,Average,Yes,Cat_6,Hatchback
465328,0,5,35,No,Executive,Male,High,Yes,Cat_6,SUV
461220,8,3,26,No,Executive,Female,Low,No,Cat_6,Micro
463935,1,2,38,Yes,Entertainment,Male,Average,Yes,Cat_6,Hatchback
460514,1,4,43,Yes,Doctor,Male,Low,Yes,Cat_3,SUV
466262,1,2,41,Yes,Entertainment,Male,Low,No,Cat_3,SUV
467094,8,,27,No,Homemaker,Female,Low,No,Cat_4,Micro
459280,0,1,60,Yes,,Male,Low,Yes,Cat_6,Sedan
464581,,4,25,No,Doctor,Female,Low,No,Cat_6,Micro
459624,,5,18,No,Healthcare,Male,Low,No,Cat_4,Micro
460890,0,4,47,Yes,Artist,Male,Average,Yes,Cat_3,Hatchback
466415,1,1,71,No,Marketing,Male,Low,Yes,Cat_6,Micro
462392,1,3,32,Yes,Entertainment,Female,Low,No,Cat_6,SUV
459706,1,3,60,Yes,Entertainment,Male,Average,Yes,Cat_6,Hatchback
464429,0,,33,Yes,Healthcare,Female,Low,No,Cat_6,Sedan
467446,9,1,37,Yes,Artist,Female,Low,No,Cat_2,SUV
460528,9,1,48,Yes,Homemaker,Male,Low,Yes,Cat_3,Hatchback
464836,7,5,33,No,Engineer,Female,High,,Cat_4,Micro
459212,1,2,68,Yes,Artist,Female,Average,Yes,Cat_6,Hatchback
462364,0,3,51,No,Artist,Male,Low,Yes,Cat_6,SUV
464549,1,4,52,Yes,Executive,Male,Low,Yes,Cat_6,Hatchback
464555,13,4,31,Yes,Marketing,Male,High,Yes,Cat_4,Micro
462027,1,1,39,No,Engineer,Male,Low,No,Cat_6,SUV
467110,1,1,60,Yes,Lawyer,Male,High,,Cat_6,Micro
467123,4,3,50,Yes,Executive,Female,High,Yes,Cat_6,Sedan
459599,,4,19,No,Healthcare,Female,Low,No,Cat_1,Micro
467826,0,6,18,No,Healthcare,Male,Low,No,Cat_6,Micro
461837,0,2,37,Yes,Artist,Male,Low,Yes,Cat_6,Hatchback
467328,1,3,50,Yes,Doctor,Female,Average,Yes,Cat_6,Sedan
467962,0,,20,No,Healthcare,Female,Low,No,Cat_6,Micro
464025,1,6,19,No,Healthcare,Male,Low,No,Cat_6,Micro
460385,0,4,31,Yes,Healthcare,Male,Low,No,Cat_6,Micro
462551,14,2,53,Yes,Doctor,Male,Average,Yes,Cat_6,Sedan
462047,12,2,26,Yes,Artist,Female,Average,Yes,Cat_6,Sedan
459958,8,3,37,Yes,Healthcare,Male,Low,No,Cat_6,Micro
465690,,2,49,No,Healthcare,Female,Average,Yes,Cat_4,Sedan
459221,,1,70,No,Entertainment,Male,Low,Yes,Cat_6,Sedan
461059,1,2,48,No,Lawyer,Female,High,Yes,Cat_6,Micro
461227,0,4,21,No,Healthcare,Male,Low,No,Cat_6,Micro
466246,0,4,19,No,Healthcare,Male,Low,No,Cat_2,Micro
462619,0,,61,No,,Male,High,,Cat_4,SUV
459561,,3,31,No,Healthcare,Male,Low,No,Cat_4,SUV
467048,0,3,65,Yes,Lawyer,Female,High,Yes,Cat_6,Sedan
467362,1,1,73,No,Executive,Male,Low,Yes,Cat_6,Sedan
459846,1,3,50,Yes,Artist,Female,Average,Yes,Cat_6,Sedan
460351,0,1,70,Yes,Lawyer,Male,Low,Yes,Cat_6,SUV
459515,0,1,58,Yes,Engineer,Male,Low,Yes,Cat_6,Micro
460499,14,6,58,No,Marketing,Female,High,,Cat_3,Micro
460829,1,2,18,Yes,Healthcare,Male,Low,No,Cat_6,Micro
466559,0,4,32,No,Healthcare,Male,Low,No,Cat_6,Micro
467236,4,1,40,Yes,Lawyer,Female,Low,No,Cat_6,Sedan
461816,0,5,49,Yes,Marketing,Female,Low,No,Cat_6,SUV
467409,8,1,35,Yes,Artist,Male,Low,No,Cat_6,SUV
466299,0,2,40,Yes,Engineer,Female,Low,Yes,Cat_2,Sedan
464565,12,4,30,Yes,Marketing,Male,Low,No,Cat_6,Micro
465906,5,1,35,Yes,Artist,Female,Low,No,Cat_6,SUV
460950,0,5,28,No,Doctor,Male,Low,Yes,Cat_1,Micro
466654,8,1,30,,Marketing,Male,Low,No,Cat_6,SUV
459649,1,2,39,Yes,Healthcare,Male,Average,Yes,Cat_6,Micro
461077,1,8,39,Yes,Entertainment,Male,Low,No,Cat_3,SUV
464642,6,7,26,Yes,Engineer,Female,High,Yes,Cat_4,Micro
463741,0,3,36,Yes,Artist,Male,High,Yes,Cat_6,Hatchback
460594,9,,26,Yes,Homemaker,Female,Low,No,Cat_3,Micro
465253,1,3,21,No,Healthcare,Male,Low,No,Cat_7,Micro
459936,2,1,45,Yes,Artist,Female,Low,No,Cat_6,Sedan
462998,10,4,45,No,Entertainment,Male,Average,Yes,Cat_6,Sedan
464179,0,3,63,Yes,Artist,Female,Average,Yes,Cat_6,Hatchback
465655,1,1,45,Yes,Artist,Female,Low,No,Cat_6,SUV
462988,9,2,27,Yes,Healthcare,Female,High,Yes,Cat_6,Micro
463933,0,7,47,No,Executive,Male,Low,Yes,Cat_4,SUV
462111,6,4,36,Yes,Artist,Male,Average,Yes,Cat_6,Hatchback
462435,,2,49,Yes,Artist,Male,Average,Yes,Cat_6,Hatchback
462747,7,4,25,No,Doctor,Male,Low,No,Cat_6,Hatchback
462279,0,7,32,No,Healthcare,Male,Low,No,Cat_6,Micro
463383,6,3,41,No,Executive,Male,High,Yes,Cat_4,SUV
459743,9,4,50,Yes,Artist,Female,Average,Yes,Cat_6,SUV
461762,0,2,63,Yes,Artist,Female,High,Yes,Cat_6,Hatchback
463071,,4,69,No,Executive,Male,Low,Yes,Cat_6,Micro
464121,1,1,62,Yes,Engineer,Female,Low,Yes,Cat_6,Sedan
465051,1,3,63,Yes,Marketing,Male,High,Yes,Cat_6,Hatchback
460140,5,2,36,Yes,Artist,Female,Low,Yes,Cat_6,Sedan
466197,8,2,31,No,Engineer,Female,Low,Yes,Cat_4,Hatchback
460433,8,2,45,No,Entertainment,Female,Low,No,Cat_6,SUV
462953,1,4,45,Yes,Artist,Female,Average,Yes,Cat_6,Sedan
462535,1,3,26,No,Doctor,Male,Low,No,Cat_6,Micro
462921,,4,49,No,Artist,Male,Average,Yes,Cat_6,Hatchback
464735,8,3,38,Yes,Marketing,Female,Low,No,Cat_4,Micro
464455,1,2,74,Yes,Lawyer,Female,High,Yes,Cat_6,Sedan
461675,1,1,61,Yes,Lawyer,Male,Low,No,Cat_6,Hatchback
464578,0,,26,Yes,Healthcare,Female,Low,No,Cat_6,Micro
466304,1,2,70,Yes,Lawyer,Female,High,Yes,Cat_2,Sedan
466850,,3,30,No,Doctor,Female,Low,No,Cat_4,Micro
467041,1,4,57,Yes,Artist,Female,Average,Yes,Cat_6,Hatchback
464775,8,4,35,,,Female,Average,Yes,Cat_4,SUV
464858,1,3,20,No,Healthcare,Male,Low,No,Cat_4,Micro
462040,5,4,19,No,Healthcare,Male,Low,No,Cat_2,Micro
460800,1,3,52,Yes,Artist,Male,Low,No,Cat_3,Sedan
459663,,6,31,Yes,Artist,Male,Low,No,Cat_3,SUV
462081,0,3,22,No,Marketing,Male,Low,No,Cat_4,Micro
463047,9,,27,Yes,Homemaker,Male,Low,Yes,Cat_6,Micro
464500,1,3,39,Yes,Artist,Female,Low,,Cat_6,Sedan
460756,8,,28,No,Homemaker,Female,Low,No,Cat_6,Micro
462835,,4,59,No,Engineer,Male,Average,Yes,Cat_6,Sedan
463766,1,3,57,Yes,Artist,Female,Average,Yes,,Hatchback
463874,1,4,25,Yes,Healthcare,Male,Low,No,Cat_3,Micro
463525,0,3,40,No,Engineer,Female,Low,Yes,Cat_6,SUV
465653,1,2,53,Yes,Artist,Female,Low,Yes,Cat_6,SUV
465905,9,1,32,Yes,Artist,Female,Low,No,Cat_6,SUV
465663,0,2,70,Yes,Artist,Female,Low,No,Cat_6,Sedan
465225,0,1,48,Yes,Engineer,Male,Low,No,Cat_2,SUV
465001,1,2,75,Yes,Lawyer,Male,High,Yes,Cat_6,Hatchback
466905,0,1,62,Yes,Artist,Male,Low,Yes,Cat_6,Sedan
465573,1,6,41,No,Artist,Male,Average,Yes,Cat_6,Sedan
467008,0,3,55,Yes,Artist,Male,Average,Yes,Cat_6,Hatchback
466995,8,,35,Yes,Artist,Female,Low,No,Cat_6,SUV
463397,4,3,20,No,Healthcare,Female,Low,No,Cat_4,Micro
466238,0,3,20,No,Healthcare,Male,Low,No,Cat_4,Micro
460531,0,5,35,No,,Female,Low,No,Cat_6,Hatchback
462250,1,3,56,Yes,Entertainment,Female,Average,Yes,Cat_4,Sedan
462611,1,7,39,No,Executive,Male,High,Yes,Cat_4,Micro
459098,,3,42,Yes,Entertainment,Male,Low,Yes,Cat_6,Micro
465701,1,2,35,Yes,Artist,Male,Average,Yes,Cat_4,Sedan
466242,1,1,35,No,Engineer,Female,Low,No,Cat_4,SUV
466308,0,2,33,Yes,Healthcare,Male,Low,No,Cat_6,Hatchback
464039,1,2,42,Yes,Artist,Male,Low,No,Cat_6,SUV
459972,5,2,35,Yes,Artist,Male,Low,No,Cat_6,SUV
461801,0,3,27,No,Healthcare,Female,Low,No,Cat_6,SUV
462716,6,2,33,No,Entertainment,Male,Low,No,Cat_4,Micro
467218,9,1,32,Yes,Artist,Female,Low,No,Cat_6,Micro
460387,4,2,35,No,Entertainment,Female,Low,No,Cat_6,Micro
466441,0,9,22,No,Healthcare,Male,Low,No,Cat_6,Micro
462057,3,4,40,Yes,Artist,Male,Average,Yes,Cat_3,Hatchback
466991,3,2,51,Yes,Artist,Male,Average,Yes,Cat_6,Hatchback
459453,,,88,Yes,Lawyer,Male,Low,Yes,Cat_6,Sedan
461714,1,2,82,Yes,Lawyer,Male,High,Yes,Cat_6,SUV
463465,6,3,43,Yes,Artist,Male,Average,Yes,Cat_6,Sedan
467940,9,4,29,No,Marketing,Female,Low,No,Cat_2,SUV
461970,9,1,38,Yes,Artist,Female,Low,No,Cat_6,Sedan
459877,0,3,37,Yes,Artist,Male,Average,Yes,Cat_6,Hatchback
460784,0,6,32,Yes,Healthcare,Male,Low,No,Cat_7,Micro
460137,5,4,26,Yes,Entertainment,Male,Low,No,Cat_6,Micro
465201,0,4,39,Yes,Entertainment,Male,Average,Yes,Cat_3,SUV
465371,0,1,43,Yes,Artist,Female,Low,No,Cat_6,SUV
463929,11,2,51,Yes,Doctor,Male,Average,Yes,Cat_6,Hatchback
461998,0,2,52,Yes,Artist,Male,Average,Yes,Cat_6,Hatchback
460828,1,1,51,No,Entertainment,Male,Low,No,Cat_6,SUV
467523,,4,20,No,Healthcare,Male,Low,No,Cat_4,Micro
461673,0,5,33,No,Healthcare,Male,Low,No,Cat_5,Hatchback
459788,,1,36,Yes,Entertainment,Female,Low,No,Cat_3,SUV
462645,,6,39,No,Engineer,Female,Average,Yes,Cat_4,Micro
462666,0,2,48,Yes,Artist,Male,Low,Yes,Cat_6,Hatchback
462587,1,2,78,No,Lawyer,Female,High,Yes,Cat_4,Sedan
459583,1,1,46,Yes,Artist,Male,Low,Yes,Cat_6,SUV
467361,,4,26,No,Homemaker,Female,Low,Yes,Cat_6,Micro
459493,0,7,26,No,Healthcare,Male,Low,No,Cat_6,SUV
464583,7,,37,Yes,Engineer,Female,Low,No,Cat_6,SUV
462726,1,,75,Yes,Homemaker,Female,High,Yes,Cat_6,Sedan
466919,,5,19,No,Doctor,Male,Low,No,Cat_3,Micro
467949,1,4,22,No,Healthcare,Male,Low,No,Cat_4,Micro
462406,6,3,27,No,Engineer,Male,Low,Yes,Cat_6,Micro
460434,3,3,57,Yes,Artist,Male,High,,Cat_6,Micro
463729,,5,32,No,Artist,Female,Low,No,Cat_1,Sedan
466827,0,4,37,No,Entertainment,Male,Average,Yes,Cat_3,Micro
463641,1,3,33,Yes,Marketing,Female,Low,No,Cat_5,Sedan
467294,0,1,57,No,Engineer,Female,Low,Yes,Cat_6,Sedan
460875,0,3,35,Yes,Entertainment,Male,Low,No,Cat_3,SUV
459183,1,3,26,Yes,Artist,Female,Low,No,Cat_2,SUV
464541,1,2,31,Yes,Doctor,Male,Low,No,Cat_6,SUV
461249,1,,53,Yes,Artist,Female,Low,No,Cat_7,Micro
462959,2,2,56,Yes,Engineer,Female,High,Yes,Cat_6,Sedan
459922,0,1,65,Yes,Lawyer,Male,Low,Yes,Cat_4,Micro
467935,7,3,23,No,Healthcare,Male,Low,No,Cat_6,Micro
461382,1,2,68,No,Executive,Male,High,Yes,Cat_6,Sedan
462521,9,1,32,No,Homemaker,Female,Low,No,Cat_6,Micro
463296,0,5,21,No,Healthcare,Female,Low,No,Cat_6,Micro
467003,,2,61,Yes,Artist,Female,Low,Yes,Cat_6,Hatchback
459705,1,2,25,Yes,Entertainment,Male,Average,Yes,Cat_6,SUV
459984,0,3,36,Yes,Entertainment,Female,Average,Yes,Cat_6,Sedan
466051,3,1,25,No,Executive,Male,Low,No,Cat_4,SUV
463583,9,4,58,Yes,Artist,Male,Average,Yes,Cat_6,Hatchback
466100,1,2,66,Yes,Executive,Male,Low,Yes,Cat_6,SUV
461427,1,2,42,Yes,Artist,Female,Low,No,Cat_6,SUV
464193,13,2,36,Yes,Doctor,Female,Low,Yes,Cat_6,Sedan
467835,9,2,58,No,Artist,Male,Low,Yes,Cat_6,Sedan
463000,0,1,36,No,Engineer,Female,Low,No,Cat_6,SUV
462457,2,4,28,No,Healthcare,Male,Low,No,Cat_6,Hatchback
460426,4,2,45,No,Artist,Male,Average,Yes,Cat_6,Hatchback
466024,10,2,35,No,Entertainment,Female,Low,Yes,Cat_3,SUV
467031,11,3,59,Yes,Artist,Male,Average,Yes,Cat_6,Hatchback
467440,0,1,49,Yes,Entertainment,Male,Low,Yes,Cat_6,SUV
464377,0,1,51,Yes,Entertainment,Female,Low,No,Cat_6,SUV
465870,5,2,40,Yes,Artist,Male,Low,No,Cat_6,SUV
460677,2,2,49,No,Healthcare,Female,Average,,Cat_3,Micro
460095,1,1,74,Yes,Lawyer,Female,Low,Yes,Cat_6,Hatchback
463297,4,2,27,Yes,Healthcare,Male,Low,No,Cat_6,Micro
461790,0,2,70,Yes,Artist,Male,High,Yes,Cat_6,Hatchback
467410,0,2,62,Yes,Lawyer,Female,Low,Yes,Cat_6,Hatchback
465904,9,1,37,Yes,Artist,Male,Low,No,Cat_6,SUV
459393,8,3,40,No,Healthcare,Female,Low,No,Cat_3,Micro
465712,0,1,47,Yes,,Male,Low,No,Cat_6,Sedan
465771,1,4,52,Yes,Entertainment,Male,Average,Yes,Cat_6,Sedan
462013,0,2,57,Yes,Executive,Female,Average,Yes,Cat_6,Hatchback
465620,8,3,37,Yes,Artist,Male,Low,No,Cat_6,Hatchback
459840,1,1,60,Yes,Artist,Male,Low,Yes,Cat_6,Sedan
461460,7,3,43,Yes,Executive,Male,High,Yes,Cat_6,Sedan
466317,4,1,37,Yes,Entertainment,Male,Low,Yes,Cat_6,Sedan
461962,1,3,59,Yes,Entertainment,Male,Average,Yes,Cat_6,Sedan
466071,2,3,60,Yes,Artist,Female,Low,Yes,Cat_4,Sedan
460796,1,3,69,No,Lawyer,Male,Low,Yes,Cat_6,Hatchback
467012,1,4,49,Yes,Executive,Male,High,Yes,Cat_6,Hatchback
460357,1,5,23,No,Healthcare,Male,Low,No,Cat_6,Micro
460182,2,3,43,Yes,Artist,Female,Average,Yes,Cat_6,Sedan
460491,1,7,22,No,Healthcare,Female,Low,No,Cat_3,Micro
466630,0,4,29,No,Healthcare,Male,Low,No,Cat_6,Hatchback
466331,0,2,26,Yes,Marketing,Male,Low,Yes,Cat_3,Micro
463912,1,4,36,No,Artist,Female,Average,Yes,Cat_4,Sedan
461728,1,1,55,Yes,Entertainment,Female,Low,No,Cat_6,SUV
463278,0,1,59,Yes,Engineer,Female,Low,Yes,Cat_3,Sedan
459413,,2,83,Yes,Artist,Female,High,Yes,Cat_6,SUV
465659,3,,55,Yes,Doctor,Female,Low,No,Cat_3,Hatchback
461746,2,3,53,Yes,Artist,Male,Average,Yes,Cat_6,Hatchback
465574,1,3,62,Yes,Artist,Male,Average,Yes,Cat_3,Sedan
462170,0,3,73,No,Executive,Male,High,Yes,Cat_6,SUV
460626,9,4,45,No,Doctor,Male,High,Yes,Cat_6,Micro
466122,4,8,28,Yes,Healthcare,Female,Low,,Cat_3,Hatchback
466678,1,4,28,Yes,Healthcare,Male,Low,No,Cat_6,Micro
464930,0,2,25,No,Marketing,Male,Low,No,Cat_4,SUV
465447,1,3,52,Yes,Engineer,Male,Average,Yes,Cat_4,Hatchback
467549,11,3,61,Yes,Entertainment,Male,Average,Yes,Cat_6,SUV
463718,1,4,27,Yes,Artist,Female,Low,No,Cat_6,Micro
467626,8,2,31,Yes,Entertainment,Male,Average,Yes,Cat_6,Sedan
459058,1,4,40,Yes,Artist,Male,Low,No,Cat_3,SUV
461983,1,3,27,Yes,Artist,Male,Low,No,Cat_6,Sedan
461207,6,1,60,Yes,Artist,Female,Low,No,Cat_6,Sedan
467585,6,2,40,Yes,Healthcare,Male,High,Yes,Cat_6,SUV
464604,5,2,32,No,Entertainment,Male,Low,Yes,Cat_4,SUV
462529,1,2,42,Yes,Engineer,Female,Low,Yes,Cat_6,Sedan
460475,0,2,32,Yes,Doctor,Male,Average,Yes,Cat_3,Micro
463553,9,2,27,Yes,Artist,Male,Low,No,Cat_6,Sedan
460912,1,5,29,No,Entertainment,Male,Low,No,Cat_6,Micro
461715,0,5,43,Yes,Entertainment,Male,Low,No,Cat_2,SUV
459567,1,2,48,Yes,Doctor,Male,Average,Yes,Cat_6,Hatchback
462340,1,6,62,No,Entertainment,Male,Average,Yes,Cat_6,Sedan
461834,7,2,42,Yes,Artist,Female,Low,No,Cat_6,Hatchback
459677,8,2,25,Yes,Artist,Male,Average,Yes,Cat_6,Sedan
465148,1,,31,No,Artist,Male,Low,No,,SUV
467911,1,4,61,Yes,Healthcare,Male,Low,Yes,Cat_6,Micro
462981,8,1,26,No,Homemaker,Female,Low,No,Cat_6,Micro
463055,1,4,27,Yes,Doctor,Female,Low,No,Cat_4,Sedan
461884,0,2,40,Yes,Artist,Female,Low,Yes,Cat_6,Sedan
467834,0,4,23,No,Healthcare,Female,Low,No,Cat_2,Micro
463019,0,4,45,Yes,Executive,Male,High,Yes,Cat_6,Sedan
466996,9,1,37,Yes,Artist,Female,Low,No,Cat_6,SUV
463026,,2,28,Yes,Doctor,Male,Low,Yes,Cat_6,Micro
459479,1,2,70,No,Marketing,Male,Low,Yes,Cat_6,SUV
465565,1,2,37,Yes,Artist,Male,Average,Yes,Cat_6,Hatchback
459523,1,4,19,No,Doctor,Female,Low,No,Cat_6,Micro
464707,1,4,48,No,,Male,Average,Yes,Cat_4,SUV
466796,0,5,56,Yes,Artist,Male,Average,,Cat_6,SUV
462977,,3,36,No,Artist,Male,Average,Yes,Cat_6,Sedan
462369,1,5,63,No,Entertainment,Male,Average,Yes,Cat_6,Hatchback
463053,1,2,68,Yes,Artist,Female,Average,Yes,Cat_6,Hatchback
462139,1,4,27,Yes,Healthcare,Female,Low,No,Cat_2,Hatchback
460922,1,3,30,Yes,Entertainment,Male,Low,No,Cat_6,Micro
463706,0,3,33,Yes,Doctor,Female,Low,No,Cat_6,Micro
465703,2,2,25,No,Entertainment,Male,Low,Yes,Cat_4,SUV
462796,1,2,37,Yes,Entertainment,Female,Low,No,Cat_7,Hatchback
459558,0,3,30,Yes,Entertainment,Male,Low,No,Cat_6,Micro
459716,8,2,66,Yes,Engineer,Female,Average,Yes,Cat_6,Hatchback
460599,0,1,31,No,Engineer,Female,Low,No,Cat_3,Micro
465775,9,3,31,Yes,Engineer,Female,Low,No,Cat_6,Micro
465392,8,5,45,Yes,Artist,Female,High,Yes,Cat_6,Hatchback
464783,0,3,42,No,Entertainment,Male,Low,Yes,Cat_4,SUV
459439,1,2,46,Yes,Artist,Female,Average,Yes,Cat_6,SUV
464356,1,2,76,Yes,Lawyer,Female,High,Yes,Cat_6,Sedan
459881,8,4,25,Yes,Healthcare,Male,Low,No,Cat_6,Micro
461772,1,3,41,Yes,Engineer,Female,Average,Yes,Cat_4,Sedan
460551,0,2,49,Yes,Engineer,Male,Average,Yes,Cat_3,Hatchback
466047,0,5,32,No,,Male,Low,No,Cat_4,SUV
462248,0,2,55,No,Artist,Male,Low,Yes,Cat_6,Sedan
465011,3,2,66,Yes,Executive,Male,High,Yes,Cat_6,Hatchback
467898,0,1,68,Yes,Artist,Female,Low,Yes,Cat_6,Hatchback
461035,7,,21,No,,Male,Low,No,Cat_3,Micro
465382,0,,39,Yes,Artist,Female,Low,No,Cat_6,Sedan
464460,1,2,26,Yes,Healthcare,Female,Low,No,Cat_6,Micro
466291,,,22,No,Healthcare,Male,Low,No,Cat_4,Micro
461397,0,4,20,No,Healthcare,Male,Low,No,Cat_6,Micro
464302,1,3,50,Yes,Doctor,Female,Low,Yes,Cat_6,Sedan
465458,1,2,84,Yes,Artist,Female,High,Yes,Cat_6,SUV
467276,12,5,43,Yes,Artist,Male,Low,No,Cat_6,Hatchback
461129,0,4,63,Yes,Entertainment,Female,Average,Yes,Cat_6,Sedan
467406,9,1,37,Yes,Entertainment,Male,Low,No,Cat_6,Micro
463140,5,3,31,No,Engineer,Male,Average,Yes,Cat_3,SUV
460980,1,3,26,No,Entertainment,Male,Low,No,Cat_3,Micro
464666,2,3,41,Yes,Entertainment,Male,Average,Yes,Cat_4,Micro
464236,1,2,62,Yes,Artist,Female,High,Yes,Cat_6,Sedan
466898,0,4,45,Yes,Executive,Male,High,Yes,Cat_6,Sedan
462736,6,3,28,No,Engineer,Female,Low,Yes,Cat_6,SUV
467952,0,2,89,Yes,Lawyer,Female,High,Yes,Cat_6,Hatchback
461399,0,4,20,No,Healthcare,Male,Low,No,Cat_6,Micro
466320,9,2,40,Yes,Engineer,Female,Low,No,Cat_4,Sedan
465142,0,4,23,No,Healthcare,Male,Low,No,Cat_6,Micro
460334,4,1,41,Yes,Artist,Male,Low,No,Cat_6,SUV
460745,1,2,78,No,Lawyer,Male,High,Yes,Cat_6,SUV
459812,0,1,43,Yes,Engineer,Female,Low,No,Cat_3,SUV
465197,0,4,57,Yes,Artist,Female,High,Yes,Cat_6,Hatchback
462068,1,3,55,Yes,Executive,Male,High,Yes,Cat_6,Hatchback
463592,11,1,27,Yes,Engineer,Female,Low,No,Cat_6,Sedan
467352,1,4,51,Yes,Executive,Male,High,Yes,Cat_6,Hatchback
465030,9,4,35,Yes,Executive,Male,High,Yes,Cat_6,Hatchback
462095,1,3,49,Yes,Entertainment,Male,Average,Yes,Cat_1,SUV
460248,7,2,33,Yes,Healthcare,Female,Low,No,Cat_6,Micro
464286,1,2,60,Yes,Artist,Female,Average,Yes,Cat_6,Hatchback
464248,8,3,52,Yes,Artist,Male,Low,Yes,Cat_6,Hatchback
459167,1,2,42,Yes,Artist,Female,Low,No,Cat_5,Hatchback
462710,2,3,28,Yes,Marketing,Female,Low,No,Cat_6,Micro
462731,5,3,43,Yes,Artist,Female,High,Yes,Cat_6,Sedan
464475,0,4,25,Yes,Healthcare,Male,Low,No,Cat_6,Hatchback
466899,,2,51,Yes,Artist,Female,Low,Yes,Cat_6,Hatchback
460108,1,3,42,Yes,Artist,Male,Average,Yes,Cat_2,Hatchback
460606,,5,20,No,Healthcare,Male,Low,No,Cat_7,Micro
459096,0,1,80,No,Lawyer,Male,Low,,Cat_6,SUV
467942,1,4,41,Yes,Artist,Female,High,Yes,Cat_2,Hatchback
463264,0,2,71,Yes,Lawyer,Female,Low,Yes,Cat_6,Hatchback
462089,0,2,42,Yes,Artist,Female,Average,Yes,Cat_6,Hatchback
467756,1,2,56,Yes,Artist,Male,Average,Yes,Cat_6,Hatchback
461323,6,2,41,Yes,Healthcare,Female,Average,Yes,Cat_6,Hatchback
459563,7,2,72,Yes,Entertainment,Male,Low,Yes,Cat_6,SUV
467602,1,4,30,No,Entertainment,Female,Low,No,Cat_6,Micro
462562,0,6,25,Yes,Entertainment,Female,Low,No,Cat_2,Hatchback
461588,0,4,33,Yes,Marketing,Male,Low,No,Cat_2,Micro
465691,,,26,Yes,Artist,Male,Low,No,Cat_4,SUV
460894,5,3,38,No,Executive,Male,High,Yes,Cat_6,SUV
459151,9,2,60,Yes,Lawyer,Male,Low,Yes,Cat_6,Sedan
466417,1,3,79,No,Lawyer,Female,High,Yes,Cat_6,SUV
466837,9,4,38,Yes,Marketing,Female,Low,No,Cat_5,Micro
466918,1,1,56,Yes,Artist,Male,Average,Yes,Cat_6,Hatchback
